"F_PEDIDO","SERIE_PEDV","PEDIDO","CLIENTE","NOMBRE_CLIENTE","LIN_PED","ARTICULO","DESCRIPCION_ARTICULO","CANTIDAD","PRECIO_VTA","IMPORTE_LIN"
02/01/26,"26",5,112,"GESTAMP NAVARRA, S.A.",1,"WP000120","GESTAMP NAVARRA WJSO0100160",20,66,22,1324,4
06/01/26,"26",11,49,"PIGUET FRï¿½ES S.A.",1,"WA000039","PIGUET RONDELLE D.30X2 pl.H2913A KA",90,24,93,2243,7
07/01/26,"26",1,219,"ADIENT AUTOMOTIVE S. L.",1,"WP000220","ADIENT CALA S9014 MW1803.05.01.005a",20,91,15,1823
07/01/26,"26",6,24,"FUNDACION TECNALIA RESEARCH & INNOVATION",2,"ML000003","KAC-2030",20,10,5,210
07/01/26,"26",6,24,"FUNDACION TECNALIA RESEARCH & INNOVATION",5,"ML000034","KAT-15065",4,143,89,575,56
07/01/26,"26",7,9,"HIGH TECH CERAM",1,"RD000008","BARRA D.15X200 KZY1000",10,148,62,1486,2
07/01/26,"26",8,380,"FLUIDINOVA S.A.",2,"ML000058","KAC-125200",6,337,2022
07/01/26,"26",8,380,"FLUIDINOVA S.A.",5,"ML000028","KAP-125",6,59,5,357
07/01/26,"26",10,312,"GE SCHMIDT INC",1,"WP000615","GESCHMIDT PIN TIP 20230078-00-CER",5,100,13,500,65
07/01/26,"26",10,312,"GE SCHMIDT INC",4,"WP000616","GESCHMIDT M9 PIN PNT098150-CER",5,92,99,464,95
07/01/26,"26",16,230,"VARAS HARD METAL",1,"BL000049","VARAS INSUL. 01-0099-0036-00",4,303,85,1215,4
07/01/26,"26",16,230,"VARAS HARD METAL",3,"BL000050","VARAS INSUL. 01-0099-0037-00",4,293,81,1175,24
07/01/26,"26",16,230,"VARAS HARD METAL",5,"BL000084","VARAS CERAMIC INSULATOR C-169262",1,499,8,499,8
07/01/26,"26",592,219,"ADIENT AUTOMOTIVE S. L.",1,"WP000220","ADIENT CALA S9014 MW1803.05.01.005a",20,91,15,1823
08/01/26,"26",4,230,"VARAS HARD METAL",1,"BL000081","VARAS INSERT LOW RIVET ST 222218051",12,126,2,1514,4
08/01/26,"26",9,240,"EGAï¿½2",1,"WP000796","EGAï¿½CENTRADOR AV S/PLANO OF.25474",2,171,72,343,44
08/01/26,"26",9,240,"EGAï¿½2",4,"WP000796","EGAï¿½CENTRADOR AV S/PLANO OF.25474",2,95,21,190,42
08/01/26,"26",13,464,"MOTTAZ INDUSTRIE",1,"WP000797","MOTTAZ METH CENTREUR ECROU 6021000",5,112,34,561,7
09/01/26,"26",12,59,"KG FRIDMAN AB",1,"KG000032","SUPPORT BLOCK D32100123404 GPI-UFAB",1,467,98,467,98
09/01/26,"26",12,59,"KG FRIDMAN AB",6,"KG000033","SUPPORT BLOCK D32100123405 GPI-UFAB",1,474,3,474,3
09/01/26,"26",17,59,"KG FRIDMAN AB",1,"WP000077","OLOFSTRï¿½ K710277 NC-2 LASER MARKED",20,69,1,1382
09/01/26,"26",17,59,"KG FRIDMAN AB",3,"WP000674","OLOFS HP M8/UT8 VCBC GEO K710349-02",20,87,22,1744,4
09/01/26,"26",18,59,"KG FRIDMAN AB",1,"NZ000003","NOZZLE D.1.4 37603 A",25,64,4,1610
09/01/26,"26",18,59,"KG FRIDMAN AB",3,"NZ000007","NOZZLE D.1.8 37603 A",25,64,4,1610
09/01/26,"26",18,59,"KG FRIDMAN AB",5,"NZ000019","NOZZLE D.3.0  37100 E",50,57,15,2857,5
09/01/26,"26",18,59,"KG FRIDMAN AB",7,"NZ000023","NOZZLE D.3.4 37100 E",25,58,52,1463
13/01/26,"26",19,59,"KG FRIDMAN AB",1,"IN000045","SCIENTA LENS INSUL TUBE 13638 Rev.B",20,330,45,6609
13/01/26,"26",19,59,"KG FRIDMAN AB",3,"IN000043","SCIENTA LENS INSULATOR RING  13639A",6,194,35,1166,1
13/01/26,"26",20,59,"KG FRIDMAN AB",1,"KG000065","SCIENTA BAR I SES-2002 1129 H",12,256,41,3076,92
13/01/26,"26",20,59,"KG FRIDMAN AB",3,"IN000037","SCIENTA INSULATOR EWAL 3 Rev.A",24,72,35,1736,4
13/01/26,"26",20,59,"KG FRIDMAN AB",5,"KG000066","SCIENTA BAR 2  EW 4000 pl. 16705-B",12,206,83,2481,96
13/01/26,"26",20,59,"KG FRIDMAN AB",7,"IN000046","SCIENTA INSULATOR EWAL HE 16879 A",40,157,64,6305,6
14/01/26,"26",21,127,"BENTELER AUTOMOTIVE VIGO, S.L.",1,"WP000378","BENTELER VIGO 8228ZVG10036 v02",30,38,07,1142,1
14/01/26,"26",22,312,"GE SCHMIDT INC",1,"WP000562","GESCH  OVAL PIN FPA-W9401-04-03REV3",30,114,29,3428,7
14/01/26,"26",23,230,"VARAS HARD METAL",1,"BL000085","VARAS INSUL SPACER LOW CAP C-181047",1,457,51,457,51
14/01/26,"26",24,197,"HIJOS DE JUAN GARAY, S.A.",1,"HJG00141","BULï¿½Mï¿½NA TH-825",1,670,670
14/01/26,"26",24,197,"HIJOS DE JUAN GARAY, S.A.",4,"HJG00142","BULï¿½MANUAL TH-824",1,285,04,285,04
15/01/26,"26",25,164,"T. M. NORMA, S.A.",1,"WP000798","EGAï¿½CENTRADOR OF. 26014",4,95,79,383,16
16/01/26,"26",26,59,"KG FRIDMAN AB",1,"KG000032","SUPPORT BLOCK D32100123404 GPI-UFAB",5,351,72,1758,6
16/01/26,"26",26,59,"KG FRIDMAN AB",5,"KG000033","SUPPORT BLOCK D32100123405 GPI-UFAB",5,358,33,1791,65
16/01/26,"26",36,146,"IDOM Consulting,Engineering & Arch. SAU",1,"IDOM0029","SPLIT_BI_WG_AX_84GL6L FUS082950112C",1,1684,56,1684,56
16/01/26,"26",36,146,"IDOM Consulting,Engineering & Arch. SAU",2,"IDOM0030","SPLIT_BI_WG_AX_84GL6L FUS082950113C",1,1658,21,1658,21
16/01/26,"26",36,146,"IDOM Consulting,Engineering & Arch. SAU",3,"IDOM0031","INSUL_SPACER-2_84GL8K FUS082950114B",1,14449,39,14449,39
16/01/26,"26",36,146,"IDOM Consulting,Engineering & Arch. SAU",5,"IDOM0032","SBWG_INSUL-1 84GLAJ  FUS0829501B",1,206978,64,206978,64
16/01/26,"26",36,146,"IDOM Consulting,Engineering & Arch. SAU",10,"DC000005","DISCS",2,3000,6000
20/01/26,"26",27,49,"PIGUET FRï¿½ES S.A.",1,"WA000040","PIGUET SIï¿½E EB O 2918-01 B KATZ",200,21,85,4370
20/01/26,"26",29,312,"GE SCHMIDT INC",1,"WP000799","GESCHMIDT 20250052-TOP-C2W-00",10,69,65,696,5
20/01/26,"26",32,59,"KG FRIDMAN AB",1,"KG000067","SCIENTA BAR 2 1132 G",40,131,92,5276,8
20/01/26,"26",32,59,"KG FRIDMAN AB",3,"KG000046","SCIENTA BAR I  R4000   20482-c",50,97,58,4879
20/01/26,"26",32,59,"KG FRIDMAN AB",5,"IN000036","SCIENTA DEFLECTOR INS. 20519 rev B",100,19,93,1993
21/01/26,"26",28,127,"BENTELER AUTOMOTIVE VIGO, S.L.",1,"WP000378","BENTELER VIGO 8228ZVG10036 v02",30,38,07,1142,1
21/01/26,"26",30,4,"ONA ELECTROEROSIï¿½S.A.",1,"EE000007","ANILLO DESEMBOCADURA",10,38,81,388,1
21/01/26,"26",30,4,"ONA ELECTROEROSIï¿½S.A.",3,"EE000009","TUBO TROCEADOR",10,24,27,242,7
21/01/26,"26",30,4,"ONA ELECTROEROSIï¿½S.A.",5,"EE000005","SOPORTE NIVELADOR AISLANTE AV35",4,161,64,646,56
21/01/26,"26",30,4,"ONA ELECTROEROSIï¿½S.A.",8,"EE000002","CONO ACHAFLANADO ANCHO",8,45,08,360,64
21/01/26,"26",30,4,"ONA ELECTROEROSIï¿½S.A.",10,"EE000003","GUï¿½ ROZAMIENTO DE HILO",40,44,12,1764,8
21/01/26,"26",31,4,"ONA ELECTROEROSIï¿½S.A.",1,"EE000011","POLEA CONDUCIDA BOCA INF.",9,39,37,354,33
21/01/26,"26",31,4,"ONA ELECTROEROSIï¿½S.A.",3,"EE000012","POLEA CERAM.BOCA INFERIOR",30,60,83,1824,9
21/01/26,"26",31,4,"ONA ELECTROEROSIï¿½S.A.",5,"EE000004","POLEA CERï¿½A",6,83,36,500,16
21/01/26,"26",31,4,"ONA ELECTROEROSIï¿½S.A.",7,"EE000001","TUBO INTERIOR SUPERIOR AF25",6,32,78,196,68
21/01/26,"26",31,4,"ONA ELECTROEROSIï¿½S.A.",9,"EE000008","TUBO TRACTOR",6,28,95,173,7
21/01/26,"26",31,4,"ONA ELECTROEROSIï¿½S.A.",11,"EE000021","SOPORTE NIVELADOR AISLANTE AV40",4,161,64,646,56
21/01/26,"26",31,4,"ONA ELECTROEROSIï¿½S.A.",13,"EE000002","CONO ACHAFLANADO ANCHO",6,45,08,270,48
21/01/26,"26",31,4,"ONA ELECTROEROSIï¿½S.A.",15,"EE000003","GUï¿½ ROZAMIENTO DE HILO",15,44,12,661,8
21/01/26,"26",31,4,"ONA ELECTROEROSIï¿½S.A.",17,"EE000010","CONO SALIDA H. PRIMA-E250",15,43,46,651,9
21/01/26,"26",33,31,"IBERLABO, S.A.",2,"ML000077","KAV-120",5,36,8,184
21/01/26,"26",34,334,"HIPERBARIC S.A.",1,"HIP00030","CER CENT RESIST H02-365-17-520C pz2",1,787,6,787,6
21/01/26,"26",34,334,"HIPERBARIC S.A.",3,"HIP00031","CER SEPA RESIST H02-365-17-530C pz3",3,381,26,1143,78
21/01/26,"26",34,334,"HIPERBARIC S.A.",5,"HIP00032","CASQUILLOS GRUE H02-365-17-540C pz4",8,69,9,559,2
21/01/26,"26",34,334,"HIPERBARIC S.A.",7,"HIP00033","SPARADORES RESIST H02-365-17-570C",8,58,43,467,44
21/01/26,"26",35,495,"von KARMAN INSTITUTE FOR FLUID DYNAMICS",1,"VKI00001","PLATES 80X90X3mm ZrB2-SiC ARR2518-0",1,2500,2500
21/01/26,"26",35,495,"von KARMAN INSTITUTE FOR FLUID DYNAMICS",4,"VKI00002","DISC ï¿½9,3mm pl. ARR2518-002",3,2400,7200
22/01/26,"26",40,496,"CUSHWAY SCHMIDT Ltd",1,"WP000800","GES GFBB-GA1-TR2-M-02-HOOD-MAN-U013",2,375,750
22/01/26,"26",40,496,"CUSHWAY SCHMIDT Ltd",4,"WP000801","GES GFBB-GA1-TR2-M-02-HOOD-MAN-U014",2,375,750
23/01/26,"26",1,33,"FRESATITï¿½.L.",2,"ML000007","BAD-110",1,120,61,120,61
23/01/26,"26",37,491,"BOSCO TECNOINDUSTRIA S. L.",1,"WP000760","BOSCO TECNO PIN B241204161-A",20,70,61,1412,2
23/01/26,"26",38,164,"T. M. NORMA, S.A.",1,"CI000007","A10U119 TOPE DELANT TRAE 18074 V2",2,73,86,147,72
23/01/26,"26",39,112,"GESTAMP NAVARRA, S.A.",1,"WP000113","GESTAMP NAVARRA WJSO0100010",20,59,97,1199,4
23/01/26,"26",39,112,"GESTAMP NAVARRA, S.A.",4,"WP000101","GESTAMP NAVARRA WJSO0100149",20,69,35,1387
23/01/26,"26",41,451,"AUBERT & DUVAL, S.A.",1,"AUB00001","CUï¿½ CERï¿½AS 30X20mm S/PLANO",6,137,59,825,54
23/01/26,"26",41,451,"AUBERT & DUVAL, S.A.",4,"AUB00002","CUï¿½ CERï¿½AS 15X20mm S/PLANO",6,128,5,771
23/01/26,"26",41,451,"AUBERT & DUVAL, S.A.",7,"AUB00003","CUï¿½ CERï¿½AS 10X20mm S/PLANO",6,103,35,620,1
23/01/26,"26",42,59,"KG FRIDMAN AB",1,"NZ000047","NOZZLE D.1.10  37603 A",25,71,64,1791
26/01/26,"26",43,4,"ONA ELECTROEROSIï¿½S.A.",1,"EE000004","POLEA CERï¿½A",6,83,36,500,16
26/01/26,"26",43,4,"ONA ELECTROEROSIï¿½S.A.",3,"EE000001","TUBO INTERIOR SUPERIOR AF25",5,32,78,163,9
26/01/26,"26",43,4,"ONA ELECTROEROSIï¿½S.A.",5,"EE000003","GUï¿½ ROZAMIENTO DE HILO",10,44,12,441,2
26/01/26,"26",43,4,"ONA ELECTROEROSIï¿½S.A.",7,"EE000002","CONO ACHAFLANADO ANCHO",10,45,08,450,8
26/01/26,"26",44,59,"KG FRIDMAN AB",1,"KG000068","SUPPORT BLOCK D32100123406 GPI",2,499,15,998,3
26/01/26,"26",45,123,"GESTAMP SOFEDIT SERMAISES",1,"WP000432","SOFED SERM PIL HYB FEMELLE 09726043",10,71,37,713,7
26/01/26,"26",46,66,"UNIVERSIDADE DE AVEIRO",2,"ML000015","KAB-6050",10,46,1,461
26/01/26,"26",46,66,"UNIVERSIDADE DE AVEIRO",5,"ML000034","KAT-15065",5,148,2,741
26/01/26,"26",46,66,"UNIVERSIDADE DE AVEIRO",8,"ML000079","BAD-87",2,93,4,186,8
26/01/26,"26",46,66,"UNIVERSIDADE DE AVEIRO",11,"ML000012","KAP-60",10,24,1,241
26/01/26,"26",46,66,"UNIVERSIDADE DE AVEIRO",12,"ML000091","KAPT-150",5,58,23,291,15
26/01/26,"26",46,66,"UNIVERSIDADE DE AVEIRO",13,"ML000080","BADT-87",2,32,11,64,22
26/01/26,"26",47,334,"HIPERBARIC S.A.",1,"HIP00035","CASQUILL EN T COND H02-038-17-0015C",3,315,51,946,53
26/01/26,"26",48,470,"MAGNA SEATING VIGO S.A.U.",1,"WP000696","MAGNA VIGO CENT. M10 PATA 41-40-009",5,90,89,454,45
27/01/26,"26",49,379,"GESTAMP BRASIL INDï¿½RIA DE AUTOPEï¿½S SA",1,"WP000469","GESTAMP S.ISABEL  M6 V75FIX8276",24,73,66,1767,84
27/01/26,"26",52,211,"CHEVAL FRï¿½ES S.A.",1,"CA000028","CHEVAL PISTON ARRIï¿½E17CT0178 IND D",500,60,71,30355
27/01/26,"26",52,211,"CHEVAL FRï¿½ES S.A.",9,"CA000030","CHEVAL PISTON AVANT 17CT0179 IND D",500,43,6,21800
27/01/26,"26",52,211,"CHEVAL FRï¿½ES S.A.",17,"CA000031","CHEVAL PISTON 17CT0180 IND D",250,85,84,21460
27/01/26,"26",52,211,"CHEVAL FRï¿½ES S.A.",23,"CA000032","CHEVAL PISTON 17CT0181 IND D",150,66,08,9912
29/01/26,"26",50,339,"GALICIA AUTOESTAMPACIï¿½S.A.U.",1,"WP000379","GAESA CENTRADOR M6",20,44,54,890,8
29/01/26,"26",50,339,"GALICIA AUTOESTAMPACIï¿½S.A.U.",3,"WP000380","GAESA CENTRADOR M8 KZY1000",20,47,39,947,8
29/01/26,"26",50,339,"GALICIA AUTOESTAMPACIï¿½S.A.U.",6,"WP000784","GAESA CENTRADOR M6 NC-2",1,0,0
29/01/26,"26",51,158,"CERN",1,"CE000091","CERAMIC HYBRID COMBINE SPSACTFL0267",30,79,92,2397,6
30/01/26,"26",53,138,"LA FARGA YOURCOPPERSOLUTIONS, S.A.",1,"LF000006","GUï¿½ ANTERIOR ï¿½0mm 4EL.319930B/3",4,188,58,754,32
03/02/26,"26",54,470,"MAGNA SEATING VIGO S.A.U.",1,"WP000738","MAGNA VIGO  CENTR. TUERCAS MARCA_1",5,88,83,444,15
03/02/26,"26",55,59,"KG FRIDMAN AB",1,"IN000027","SCIENTA LENS INSULATOR 18886 Rev. A",52,54,35,2826,2
03/02/26,"26",58,460,"I-TEN SA",2,"ML000083","KAB-5040",2,27,8,55,6
03/02/26,"26",58,460,"I-TEN SA",5,"ML000033","KAT-10045",4,76,304
03/02/26,"26",58,460,"I-TEN SA",6,"ML000038","KAT-280180",2,492,64,985,28
03/02/26,"26",58,460,"I-TEN SA",7,"ML000037","KAT-20090/40",3,301,11,903,33
03/02/26,"26",58,460,"I-TEN SA",10,"ML000010","KAP-50",2,21,38,42,76
03/02/26,"26",58,460,"I-TEN SA",11,"ML000040","KAPT-100",4,42,55,170,2
04/02/26,"26",56,127,"BENTELER AUTOMOTIVE VIGO, S.L.",1,"WP000186","BENTELER VIGO PILAR B K9_",50,52,75,2637,5
04/02/26,"26",57,4,"ONA ELECTROEROSIï¿½S.A.",1,"EE000005","SOPORTE NIVELADOR AISLANTE AV35",6,161,64,969,84
04/02/26,"26",62,59,"KG FRIDMAN AB",1,"NZ000059","CONJET NOZZLE D.3,00mm 3312 2574 30",25,61,43,1535,75
05/02/26,"26",59,491,"BOSCO TECNOINDUSTRIA S. L.",1,"WP000764","BOSCO PIN B241304111_A KZY",6,82,18,493,08
05/02/26,"26",60,5,"CSIC",2,"ML000084","KAE-11040/20",4,109,7,438,8
05/02/26,"26",61,59,"KG FRIDMAN AB",1,"WP000401","OLOFSTRï¿½ K710341 rev B",20,104,6,2092
05/02/26,"26",63,230,"VARAS HARD METAL",1,"BL000086","VARAS LOW RIVET ST C-185946",14,123,1,1723,4
05/02/26,"26",64,4,"ONA ELECTROEROSIï¿½S.A.",1,"EE000011","POLEA CONDUCIDA BOCA INF.",12,39,37,472,44
05/02/26,"26",64,4,"ONA ELECTROEROSIï¿½S.A.",3,"EE000004","POLEA CERï¿½A",10,83,36,833,6
05/02/26,"26",65,255,"STETTLER SAPHIRE AG",1,"SPS00085","STETTLER RODS 45X4X3 KA-EDM",18,56,4,1015,2
05/02/26,"26",65,255,"STETTLER SAPHIRE AG",3,"SPS00086","STETTLER RODS 45X4X3 notch KA-EDM",5,62,310
05/02/26,"26",65,255,"STETTLER SAPHIRE AG",7,"SPS00086","STETTLER RODS 45X4X3 notch KA-EDM",2,62,124
06/02/26,"26",66,212,"IONIX ADVANCED TECHNOLOGIES Ltd.",1,"EX000055","IONIX ALUMINA UNIAXIAL DIE Di60",3,598,98,1796,94
06/02/26,"26",66,212,"IONIX ADVANCED TECHNOLOGIES Ltd.",3,"EX000055","IONIX ALUMINA UNIAXIAL DIE Di60",1,0,0
06/02/26,"26",66,212,"IONIX ADVANCED TECHNOLOGIES Ltd.",4,"EX000056","IONIX UPPER PUNCH DIE Di60",1,0,0
06/02/26,"26",66,212,"IONIX ADVANCED TECHNOLOGIES Ltd.",5,"EX000057","IONIX LOWER PUNCH DIE Di60",1,0,0
06/02/26,"26",68,312,"GE SCHMIDT INC",1,"WP000802","GESCH M14 OIN RETR PRAS148165119055",10,97,47,974,7
06/02/26,"26",68,312,"GE SCHMIDT INC",3,"WP000803","GESCH M8 RETRACT P PRAS088140066032",10,74,02,740,2
06/02/26,"26",68,312,"GE SCHMIDT INC",5,"WP000741","GESCHMIDT PIN STEP PNS1031950500356",5,103,62,518,1
06/02/26,"26",68,312,"GE SCHMIDT INC",7,"WP000661","GESCHMIDT PIN PNT111150-C2W",10,79,93,799,3
06/02/26,"26",69,7,"ANDERMAN Cï¿½AMIQUES",2,"ML000033","KAT-10045",2,55,45,110,9
06/02/26,"26",69,7,"ANDERMAN Cï¿½AMIQUES",5,"ML000677","ANDERMAN BANDEJA RECT 80X160X30",3,215,645
06/02/26,"26",69,7,"ANDERMAN Cï¿½AMIQUES",10,"ML000678","ANDERMAN BANDEJA RECT 138X190X75",2,490,980
06/02/26,"26",69,7,"ANDERMAN Cï¿½AMIQUES",15,"ML000003","KAC-2030",20,8,52,170,4
06/02/26,"26",69,7,"ANDERMAN Cï¿½AMIQUES",18,"ML000059","KAB-3020",10,8,75,87,5
06/02/26,"26",69,7,"ANDERMAN Cï¿½AMIQUES",21,"ML000075","KAP-20",20,4,9,98
06/02/26,"26",69,7,"ANDERMAN Cï¿½AMIQUES",22,"ML000040","KAPT-100",1,31,21,31,21
06/02/26,"26",69,7,"ANDERMAN Cï¿½AMIQUES",23,"ML000091","KAPT-150",1,42,42
06/02/26,"26",70,42,"APPLIED PHISICS TECHNOLOGIES",1,"PW000009","CeB6 POWDER",1,1135,39,1135,39
09/02/26,"26",71,22,"EQUILAB S.A.",2,"ML000060","KAB-4030",6,18,12,108,72
09/02/26,"26",72,462,"EMPIRICAL ADVANCES SL.",2,"ML000077","KAV-120",12,47,34,568,08
09/02/26,"26",73,5,"CSIC",2,"ML000002","KAC-1208",10,10,45,104,5
09/02/26,"26",73,5,"CSIC",3,"ML000004","KAC-3040",10,16,98,169,8
09/02/26,"26",73,5,"CSIC",6,"ML000030","KAT-4030",5,19,4,97
10/02/26,"26",74,20,"FUNDACIï¿½OSCH I GIMPERA",2,"ML000077","KAV-120",4,47,34,189,36
10/02/26,"26",75,491,"BOSCO TECNOINDUSTRIA S. L.",1,"WP000804","BOSCO CENTR B232004104 C KZY",2,184,27,368,54
10/02/26,"26",75,491,"BOSCO TECNOINDUSTRIA S. L.",3,"WP000805","BOSCO CENTR B232004104 F KZY",6,92,52,555,12
10/02/26,"26",76,112,"GESTAMP NAVARRA, S.A.",1,"WP000142","GESTAMP NAVARRA WJSO0100142",10,87,81,878,1
10/02/26,"26",77,4,"ONA ELECTROEROSIï¿½S.A.",1,"EE000003","GUï¿½ ROZAMIENTO DE HILO",10,44,12,441,2
11/02/26,"26",78,123,"GESTAMP SOFEDIT SERMAISES",1,"WP000806","SOFEDIT SER ISOL 75156448R ECR M16",3,116,6,349,8
12/02/26,"26",79,59,"KG FRIDMAN AB",1,"NZ000089","NOZZLE D.1.55 37603 A",10,76,71,767,1
13/02/26,"26",81,491,"BOSCO TECNOINDUSTRIA S. L.",1,"WP000764","BOSCO PIN B241304111_A KZY",24,50,82,1219,68
13/02/26,"26",82,312,"GE SCHMIDT INC",1,"WP000665","GESCHMIDT PNT110150-C2W",5,102,61,513,05
16/02/26,"26",80,466,"UNIVERSIDAD POLITï¿½NICA DE MADRID",2,"ML000031","KAT-6040",10,26,35,263,5
16/02/26,"26",83,123,"GESTAMP SOFEDIT SERMAISES",1,"WP000529","SOFEDIT SERM PILOTE M4 L27D7d4.8",20,64,9,1298
17/02/26,"26",84,597,"QUï¿½ICA Y MEDIOAMBIENTE, S.L.",2,"ML000033","KAT-10045",2,76,152
17/02/26,"26",84,597,"QUï¿½ICA Y MEDIOAMBIENTE, S.L.",3,"ML000032","KAT-7550",2,42,25,84,5
17/02/26,"26",85,4,"ONA ELECTROEROSIï¿½S.A.",1,"EE000007","ANILLO DESEMBOCADURA",10,38,81,388,1
17/02/26,"26",85,4,"ONA ELECTROEROSIï¿½S.A.",3,"EE000008","TUBO TRACTOR",10,28,95,289,5
17/02/26,"26",85,4,"ONA ELECTROEROSIï¿½S.A.",5,"EE000004","POLEA CERï¿½A",10,83,36,833,6
17/02/26,"26",87,240,"EGAï¿½2",1,"WP000762","EGAï¿½EJE CENTR 007.039.016Mod2",4,205,05,820,2
18/02/26,"26",88,219,"ADIENT AUTOMOTIVE S. L.",1,"WP000220","ADIENT CALA S9014 MW1803.05.01.005a",20,91,15,1823
18/02/26,"26",89,495,"von KARMAN INSTITUTE FOR FLUID DYNAMICS",1,"VKI00003","PLATES 30X30X3mm ZrB2-SiC ARR2518-0",2,650,1300
18/02/26,"26",91,59,"KG FRIDMAN AB",1,"NZ000046","NOZZLE D.1.00 37603 A",25,71,64,1791
18/02/26,"26",91,59,"KG FRIDMAN AB",2,"NZ000047","NOZZLE D.1.10  37603 A",25,71,64,1791
18/02/26,"26",91,59,"KG FRIDMAN AB",3,"NZ000001","NOZZLE D.1.2 37603 A",10,83,47,834,7
18/02/26,"26",91,59,"KG FRIDMAN AB",4,"NZ000041","NOZZLE D.1.3  37603 A",25,62,75,1568,75
18/02/26,"26",91,59,"KG FRIDMAN AB",5,"NZ000116","NOZZLE D.1.35  37603 A",10,76,71,767,1
18/02/26,"26",91,59,"KG FRIDMAN AB",6,"NZ000008","NOZZLE D.1.9   37603 A",25,64,4,1610
18/02/26,"26",91,59,"KG FRIDMAN AB",7,"NZ000009","NOZZLE D.2.0  37603 A",25,64,4,1610
18/02/26,"26",91,59,"KG FRIDMAN AB",8,"NZ000014","NOZZLE D.2.5 37100 E",25,58,52,1463
18/02/26,"26",91,59,"KG FRIDMAN AB",9,"NZ000020","NOZZLE D.3.1  37100 E",25,58,52,1463
18/02/26,"26",91,59,"KG FRIDMAN AB",10,"NZ000023","NOZZLE D.3.4 37100 E",25,58,52,1463
19/02/26,"26",90,5,"CSIC",1,"PW000010","ZIRCONIA SOL GRADE ZSL-10T",20,60,1200
20/02/26,"26",92,25,"PROYECTOS PARA REGULACIï¿½Y CONTROL SLL",2,"ML000062","KAB-7060",10,40,18,401,8
20/02/26,"26",93,443,"PREZERO GESTION DE RESIDUOS,S.A. Y AQUAM",1,"NZ000036","URBASER BOQUILLA ATOMIZADOR D.9mm",50,38,2,1910
23/02/26,"26",94,347,"HORN GLASS INDUSTRIES AG",1,"TU000010","EUROX COE-R TUBO D10,3/ 6,5 X750mm",50,208,10400
23/02/26,"26",95,197,"HIJOS DE JUAN GARAY, S.A.",1,"EX000058","GARAY PASTILL EXTR. D36,5X12/d8 KZM",10,99,15,991,5
23/02/26,"26",99,278,"ADIENT POLAND Sp z. o. o.",1,"WP000172","ADIENT POLAND T1.175.489",10,109,78,1097,8
23/02/26,"26",106,4,"ONA ELECTROEROSIï¿½S.A.",1,"EE000021","SOPORTE NIVELADOR AISLANTE AV40",16,161,64,2586,24
23/02/26,"26",106,4,"ONA ELECTROEROSIï¿½S.A.",4,"EE000003","GUï¿½ ROZAMIENTO DE HILO",12,44,12,529,44
23/02/26,"26",106,4,"ONA ELECTROEROSIï¿½S.A.",5,"EE000004","POLEA CERï¿½A",10,83,36,833,6
24/02/26,"26",100,498,"JORCAR TITANIUM",1,"SPS00087","JORCAR BOQUILLAS KBNC",5,296,1480
25/02/26,"26",96,59,"KG FRIDMAN AB",1,"WP000154","GNOTEC ART.9103-13037-HYLSA M6",10,78,42,784,2
25/02/26,"26",97,5,"CSIC",2,"ML000002","KAC-1208",8,10,45,83,6
25/02/26,"26",97,5,"CSIC",5,"ML000034","KAT-15065",4,148,2,592,8
25/02/26,"26",97,5,"CSIC",8,"ML000091","KAPT-150",4,58,23,232,92
25/02/26,"26",98,5,"CSIC",2,"ML000054","KAC-5075",5,58,13,290,65
25/02/26,"26",101,5,"CSIC",2,"ML000137","KFSZB-4030",6,63,42,380,52
25/02/26,"26",101,5,"CSIC",5,"ML000269","KFSZP-40",6,50,08,300,48
26/02/26,"26",102,379,"GESTAMP BRASIL INDï¿½RIA DE AUTOPEï¿½S SA",1,"WP000470","GESTAMP S.ISABEL M8 V75FIX8272",12,76,77,921,24
27/02/26,"26",67,59,"KG FRIDMAN AB",1,"WP000073","FORSHEDA FR60041 PIN 9103-13083",20,70,28,1405,6
27/02/26,"26",67,59,"KG FRIDMAN AB",3,"WP000055","FORSHEDA PIN HP-UT 5 FR60050",20,71,69,1433,8
27/02/26,"26",103,5,"CSIC",2,"ML000063","KAB-8062",6,59,57,357,42
27/02/26,"26",103,5,"CSIC",3,"ML000060","KAB-4030",4,18,12,72,48
27/02/26,"26",103,5,"CSIC",6,"ML000086","KAQT-80",10,40,69,406,9
27/02/26,"26",103,5,"CSIC",8,"ML000679","TAPA 98X200mm",4,96,8,387,2
27/02/26,"26",104,158,"CERN",4,"CE000071","CERN PS-ROH-26 AIN Spacer",300,41,38,12414
27/02/26,"26",104,158,"CERN",5,"CE000072","CERN PS-ROH-40 AIN Spacer",650,53,56,34814
27/02/26,"26",105,40,"GESTAMP LINARES S.A.",1,"WP000570","GESTAMP LINARES CENT. WLUXS00163Z",10,56,8,568
27/02/26,"26",107,138,"LA FARGA YOURCOPPERSOLUTIONS, S.A.",1,"LF000008","LUNETA INTERNA ï¿½0m 4EL.319930B-II",4,191,82,767,28
27/02/26,"26",108,495,"von KARMAN INSTITUTE FOR FLUID DYNAMICS",1,"SPS00088","VKI  SAMPLES FOR CHARACTERIZ PT-C",3,930,2790
02/03/26,"26",110,293,"FLEJES INDUSTRIALES, S.A.",1,"RS000026","FLINSA RODILLO SOLDA  15,75 GAP 1,2",4,980,3920
03/03/26,"26",111,491,"BOSCO TECNOINDUSTRIA S. L.",1,"WP000807","BOSCO CENTRADOR  B232004106 G",12,66,28,795,36
03/03/26,"26",112,5,"CSIC",2,"ML000033","KAT-10045",2,76,152
03/03/26,"26",112,5,"CSIC",3,"ML000031","KAT-6040",4,27,4,109,6
03/03/26,"26",112,5,"CSIC",6,"ML000060","KAB-4030",6,18,12,108,72
03/03/26,"26",112,5,"CSIC",9,"ML000008","KAP-40",4,14,31,57,24
03/03/26,"26",113,173,"FUNDACIï¿½NSTITUT CATALï¿½ NANOCIï¿½CIA",2,"ML000033","KAT-10045",3,76,228
03/03/26,"26",113,173,"FUNDACIï¿½NSTITUT CATALï¿½ NANOCIï¿½CIA",5,"ML000040","KAPT-100",3,42,55,127,65
04/03/26,"26",114,230,"VARAS HARD METAL",1,"PUN00012","VARAS PUNZï¿½01-0129-0007-02 KATZ",2,355,51,711,02
04/03/26,"26",115,7,"ANDERMAN Cï¿½AMIQUES",2,"ML000055","KAC-65100",20,79,91,1598,2
04/03/26,"26",116,315,"TEKNIA PEDROLA S.L.",1,"CA000077","TEKNIA CASQUILLO VALEO",6,118,37,710,22
04/03/26,"26",117,230,"VARAS HARD METAL",1,"BL000076","VARAS INSERT LOWER BUBBLE 222345520",1,256,256
05/03/26,"26",118,112,"GESTAMP NAVARRA, S.A.",1,"WP000063","GESTAMP NAVARRA WJSO0100050",20,72,11,1442,2
05/03/26,"26",118,112,"GESTAMP NAVARRA, S.A.",3,"WP000147","GESTAMP NAVARRA WJSO0100159",10,95,8,958
06/03/26,"26",119,5,"CSIC",2,"ML000134","KAST-15065",1,370,370
06/03/26,"26",119,5,"CSIC",5,"ML000162","KASV-120",2,118,35,236,7
06/03/26,"26",120,59,"KG FRIDMAN AB",1,"NZ000102","NOZZLE D.1.95   37603 A",10,76,71,767,1
06/03/26,"26",120,59,"KG FRIDMAN AB",3,"NZ000015","NOZZLE D.2.6  37100 E",25,58,52,1463
06/03/26,"26",121,4,"ONA ELECTROEROSIï¿½S.A.",1,"EE000009","TUBO TROCEADOR",10,24,27,242,7
06/03/26,"26",121,4,"ONA ELECTROEROSIï¿½S.A.",3,"EE000001","TUBO INTERIOR SUPERIOR AF25",10,32,78,327,8
06/03/26,"26",121,4,"ONA ELECTROEROSIï¿½S.A.",5,"EE000003","GUï¿½ ROZAMIENTO DE HILO",50,44,12,2206
06/03/26,"26",121,4,"ONA ELECTROEROSIï¿½S.A.",7,"EE000002","CONO ACHAFLANADO ANCHO",12,45,08,540,96
06/03/26,"26",121,4,"ONA ELECTROEROSIï¿½S.A.",9,"EE000004","POLEA CERï¿½A",6,83,36,500,16
10/03/26,"26",122,5,"CSIC",2,"ML000044","KAV-100",16,27,93,446,88
10/03/26,"26",122,5,"CSIC",3,"ML000077","KAV-120",16,47,34,757,44
10/03/26,"26",122,5,"CSIC",6,"ML000034","KAT-15065",4,148,2,592,8
10/03/26,"26",122,5,"CSIC",7,"ML000032","KAT-7550",4,42,25,169
10/03/26,"26",122,5,"CSIC",10,"ML000673","KFSZV-120",10,142,1420
10/03/26,"26",122,5,"CSIC",11,"ML000135","KFSZV-100",10,84,840
10/03/26,"26",123,112,"GESTAMP NAVARRA, S.A.",1,"WP000120","GESTAMP NAVARRA WJSO0100160",20,67,54,1350,8
11/03/26,"26",124,20,"FUNDACIï¿½OSCH I GIMPERA",2,"ML000077","KAV-120",4,47,34,189,36
11/03/26,"26",125,6,"ALVAREZ REDONDO S.A.",2,"MO000005","KAM-1000",1,259,259
